Customer ID,Gender,Age,City,Membership Type,Total Spend,Items Purchased,Average Rating,Discount Applied,Days Since Last Purchase,Satisfaction Level,spend_per_item,is_high_spender,is_active,discount_flag,recency_score,frequency_score,monetary_score,ai_personalization_score,ai_recommendation,ltv_proxy
101,Female,29,New York,Gold,1120.2,14,4.6,True,25,Satisfied,80.01,1,1,1,Mid,Mid,High,0.6965,VIP — personalize heavily,1145.09
102,Male,34,Los Angeles,Silver,780.5,11,4.1,False,18,Neutral,70.95,1,1,0,Recent,Mid,Mid,0.472,Nurture,558.74
103,Female,43,Chicago,Bronze,510.75,9,3.4,True,42,Unsatisfied,56.75,0,0,1,Dormant,Low,Low,0.304,Low priority,248.08
104,Male,30,San Francisco,Gold,1480.3,19,4.7,False,12,Satisfied,77.91,1,1,0,Recent,High,High,0.8019,VIP — personalize heavily,2098.27
105,Male,27,Miami,Silver,720.4,13,4.0,True,55,Unsatisfied,55.42,0,0,1,Dormant,Mid,Mid,0.4967,Nurture,594.62
106,Female,37,Houston,Bronze,440.8,8,3.1,False,22,Neutral,55.1,0,1,0,Mid,Low,Low,0.1423,Low priority,173.52
107,Female,31,New York,Gold,1150.6,15,4.5,True,28,Satisfied,76.71,1,1,1,Mid,High,High,0.703,VIP — personalize heavily,1232.79
108,Male,35,Los Angeles,Silver,800.9,12,4.2,False,14,Neutral,66.74,1,1,0,Recent,Mid,Mid,0.5414,Nurture,640.72
109,Female,41,Chicago,Bronze,495.25,10,3.6,True,40,Unsatisfied,49.52,0,0,1,Dormant,Low,Low,0.3369,Nurture,283.0
110,Male,28,San Francisco,Gold,1520.1,21,4.8,False,9,Satisfied,72.39,1,1,0,Recent,High,High,0.8702,VIP — personalize heavily,2432.16
111,Male,32,Miami,Silver,690.3,11,3.8,True,34,Unsatisfied,62.75,0,0,1,Dormant,Mid,Mid,0.4482,Nurture,458.01
112,Female,36,Houston,Bronze,470.5,7,3.2,False,20,Neutral,67.21,0,1,0,Mid,Low,Low,0.1623,Low priority,167.29
113,Female,30,New York,Gold,1200.8,16,4.3,True,21,Satisfied,75.05,1,1,1,Mid,High,High,0.7597,VIP — personalize heavily,1311.35
114,Male,33,Los Angeles,Silver,820.75,13,4.4,False,15,Satisfied,63.13,1,1,0,Recent,Mid,Mid,0.5852,Nurture,745.19
115,Female,42,Chicago,Bronze,530.4,9,3.5,True,38,Unsatisfied,58.93,0,0,1,Dormant,Low,Low,0.3396,Nurture,265.2
116,Male,29,San Francisco,Gold,1360.2,18,4.9,False,11,Satisfied,75.57,1,1,0,Recent,High,High,0.7941,VIP — personalize heavily,1904.28
117,Male,26,Miami,Silver,700.6,12,3.7,True,48,Unsatisfied,58.38,0,0,1,Dormant,Mid,Mid,0.4436,Nurture,493.76
118,Female,38,Houston,Bronze,450.9,8,3.0,False,25,Neutral,56.36,0,1,0,Mid,Low,Low,0.1325,Low priority,171.77
119,Female,32,New York,Gold,1170.3,14,4.7,True,29,Satisfied,83.59,1,1,1,Mid,Mid,High,0.7211,VIP — personalize heavily,1222.31
120,Male,34,Los Angeles,Silver,790.2,11,4.0,False,16,Neutral,71.84,1,1,0,Recent,Mid,Mid,0.4702,Nurture,551.89
121,Female,43,Chicago,Bronze,505.75,10,3.3,True,41,Unsatisfied,50.58,0,0,1,Dormant,Low,Low,0.3161,Low priority,264.92
122,Male,30,San Francisco,Gold,1470.5,20,4.8,False,13,Satisfied,73.53,1,1,0,Recent,High,High,0.8071,VIP — personalize heavily,2240.76
123,Male,27,Miami,Silver,710.4,13,4.1,True,54,Unsatisfied,54.65,0,0,1,Dormant,Mid,Mid,0.5064,Nurture,601.02
124,Female,37,Houston,Bronze,430.8,7,3.4,False,23,Neutral,61.54,0,1,0,Mid,Low,Low,0.1386,Low priority,162.75
125,Female,31,New York,Gold,1140.6,15,4.6,True,27,Satisfied,76.04,1,1,1,Mid,High,High,0.7129,VIP — personalize heavily,1249.23
126,Male,35,Los Angeles,Silver,810.9,12,4.3,False,13,Neutral,67.58,1,1,0,Recent,Mid,Mid,0.5632,Nurture,664.17
127,Female,41,Chicago,Bronze,485.25,9,3.6,True,39,Unsatisfied,53.92,0,0,1,Dormant,Low,Low,0.3069,Low priority,249.56
128,Male,28,San Francisco,Gold,1500.1,21,4.9,False,10,Satisfied,71.43,1,1,0,Recent,High,High,0.8741,VIP — personalize heavily,2450.16
129,Male,32,Miami,Silver,670.3,10,3.8,True,33,Unsatisfied,67.03,0,0,1,Dormant,Low,Mid,0.4131,Nurture,404.31
130,Female,36,Houston,Bronze,460.5,8,3.1,False,19,Neutral,57.56,0,1,0,Mid,Low,Low,0.1721,Low priority,181.28
131,Female,30,New York,Gold,1190.8,16,4.5,True,20,Satisfied,74.42,1,1,1,Mid,High,High,0.7765,VIP — personalize heavily,1360.91
132,Male,33,Los Angeles,Silver,830.75,13,4.2,False,14,Satisfied,63.9,1,1,0,Recent,Mid,Mid,0.5869,Nurture,719.98
133,Female,42,Chicago,Bronze,520.4,9,3.5,True,37,Unsatisfied,57.82,0,0,1,Dormant,Low,Low,0.339,Nurture,260.2
134,Male,29,San Francisco,Gold,1370.2,18,4.7,False,10,Satisfied,76.12,1,1,0,Recent,High,High,0.7773,VIP — personalize heavily,1839.98
135,Male,26,Miami,Silver,690.6,12,3.9,True,47,Unsatisfied,57.55,0,0,1,Dormant,Mid,Mid,0.4539,Nurture,513.02
136,Female,38,Houston,Bronze,440.9,8,3.2,False,24,Neutral,55.11,0,1,0,Mid,Low,Low,0.1444,Low priority,179.16
137,Female,32,New York,Gold,1160.3,14,4.4,True,22,Satisfied,82.88,1,1,1,Mid,Mid,High,0.707,VIP — personalize heavily,1134.52
138,Male,34,Los Angeles,Silver,800.2,11,4.1,False,17,Neutral,72.75,1,1,0,Recent,Mid,Mid,0.4891,Nurture,572.84
139,Female,43,Chicago,Bronze,500.75,10,3.3,True,40,Unsatisfied,50.08,0,0,1,Dormant,Low,Low,0.3116,Low priority,262.3
140,Male,30,San Francisco,Gold,1460.5,20,4.8,False,12,Satisfied,73.03,1,1,0,Recent,High,High,0.8073,VIP — personalize heavily,2225.52
141,Male,27,Miami,Silver,700.4,13,4.0,True,53,Unsatisfied,53.88,0,0,1,Dormant,Mid,Mid,0.4845,Nurture,578.11
142,Female,37,Houston,Bronze,420.8,7,3.1,False,21,Neutral,60.11,0,1,0,Mid,Low,Low,0.1094,Low priority,144.94
143,Female,31,New York,Gold,1130.6,15,4.5,True,26,Satisfied,75.37,1,1,1,Mid,High,High,0.6972,VIP — personalize heavily,1211.36
144,Male,35,Los Angeles,Silver,820.9,12,4.3,False,12,Neutral,68.41,1,1,0,Recent,Mid,Mid,0.5797,Nurture,672.36
145,Female,41,Chicago,Bronze,480.25,9,3.6,True,38,Unsatisfied,53.36,0,0,1,Dormant,Low,Low,0.3054,Low priority,246.99
146,Male,28,San Francisco,Gold,1490.1,21,4.9,False,9,Satisfied,70.96,1,1,0,Recent,High,High,0.8719,VIP — personalize heavily,2433.83
147,Male,32,Miami,Silver,680.3,10,3.8,True,32,Unsatisfied,68.03,0,0,1,Mid,Low,Mid,0.4236,Nurture,410.34
148,Female,36,Houston,Bronze,470.5,8,3.0,False,18,Neutral,58.81,0,1,0,Recent,Low,Low,0.1788,Low priority,179.24
149,Female,30,New York,Gold,1180.8,16,4.7,True,19,Satisfied,73.8,1,1,1,Mid,High,High,0.796,VIP — personalize heavily,1409.46
150,Male,34,Los Angeles,Silver,790.2,11,4.0,False,15,Neutral,71.84,1,1,0,Recent,Mid,Mid,0.4736,Nurture,551.89
151,Female,43,Chicago,Bronze,505.75,10,3.3,True,39,Unsatisfied,50.58,0,0,1,Dormant,Low,Low,0.3242,Low priority,264.92
152,Male,30,San Francisco,Gold,1470.5,20,4.8,False,13,Satisfied,73.53,1,1,0,Recent,High,High,0.8071,VIP — personalize heavily,2240.76
153,Male,27,Miami,Silver,710.4,13,4.1,True,54,Unsatisfied,54.65,0,0,1,Dormant,Mid,Mid,0.5064,Nurture,601.02
154,Female,37,Houston,Bronze,430.8,7,3.4,False,23,Neutral,61.54,0,1,0,Mid,Low,Low,0.1386,Low priority,162.75
155,Female,31,New York,Gold,1140.6,15,4.6,True,27,Satisfied,76.04,1,1,1,Mid,High,High,0.7129,VIP — personalize heavily,1249.23
156,Male,35,Los Angeles,Silver,810.9,12,4.3,False,13,Neutral,67.58,1,1,0,Recent,Mid,Mid,0.5632,Nurture,664.17
157,Female,41,Chicago,Bronze,485.25,9,3.6,True,39,Unsatisfied,53.92,0,0,1,Dormant,Low,Low,0.3069,Low priority,249.56
158,Male,28,San Francisco,Gold,1500.1,21,4.9,False,10,Satisfied,71.43,1,1,0,Recent,High,High,0.8741,VIP — personalize heavily,2450.16
159,Male,32,Miami,Silver,670.3,10,3.8,True,33,Unsatisfied,67.03,0,0,1,Dormant,Low,Mid,0.4131,Nurture,404.31
160,Female,36,Houston,Bronze,460.5,8,3.1,False,19,Neutral,57.56,0,1,0,Mid,Low,Low,0.1721,Low priority,181.28
161,Female,30,New York,Gold,1190.8,16,4.5,True,20,Satisfied,74.42,1,1,1,Mid,High,High,0.7765,VIP — personalize heavily,1360.91
162,Male,33,Los Angeles,Silver,830.75,13,4.2,False,14,Satisfied,63.9,1,1,0,Recent,Mid,Mid,0.5869,Nurture,719.98
163,Female,42,Chicago,Bronze,520.4,9,3.5,True,37,Unsatisfied,57.82,0,0,1,Dormant,Low,Low,0.339,Nurture,260.2
164,Male,29,San Francisco,Gold,1370.2,18,4.7,False,10,Satisfied,76.12,1,1,0,Recent,High,High,0.7773,VIP — personalize heavily,1839.98
165,Male,26,Miami,Silver,690.6,12,3.9,True,47,Unsatisfied,57.55,0,0,1,Dormant,Mid,Mid,0.4539,Nurture,513.02
166,Female,38,Houston,Bronze,440.9,8,3.2,False,24,Neutral,55.11,0,1,0,Mid,Low,Low,0.1444,Low priority,179.16
167,Female,32,New York,Gold,1160.3,14,4.4,True,22,Satisfied,82.88,1,1,1,Mid,Mid,High,0.707,VIP — personalize heavily,1134.52
168,Male,34,Los Angeles,Silver,800.2,11,4.1,False,17,Neutral,72.75,1,1,0,Recent,Mid,Mid,0.4891,Nurture,572.84
169,Female,43,Chicago,Bronze,500.75,10,3.3,True,40,Unsatisfied,50.08,0,0,1,Dormant,Low,Low,0.3116,Low priority,262.3
170,Male,30,San Francisco,Gold,1460.5,20,4.8,False,12,Satisfied,73.03,1,1,0,Recent,High,High,0.8073,VIP — personalize heavily,2225.52
171,Male,27,Miami,Silver,700.4,13,4.0,True,53,Unsatisfied,53.88,0,0,1,Dormant,Mid,Mid,0.4845,Nurture,578.11
172,Female,37,Houston,Bronze,420.8,7,3.1,False,21,,60.11,0,1,0,Mid,Low,Low,0.1094,Low priority,144.94
173,Female,31,New York,Gold,1130.6,15,4.5,True,26,Satisfied,75.37,1,1,1,Mid,High,High,0.6972,VIP — personalize heavily,1211.36
174,Male,35,Los Angeles,Silver,820.9,12,4.3,False,12,Neutral,68.41,1,1,0,Recent,Mid,Mid,0.5797,Nurture,672.36
175,Female,41,Chicago,Bronze,480.25,9,3.6,True,38,Unsatisfied,53.36,0,0,1,Dormant,Low,Low,0.3054,Low priority,246.99
176,Male,28,San Francisco,Gold,1490.1,21,4.9,False,9,Satisfied,70.96,1,1,0,Recent,High,High,0.8719,VIP — personalize heavily,2433.83
177,Male,32,Miami,Silver,680.3,10,3.8,True,32,Unsatisfied,68.03,0,0,1,Mid,Low,Mid,0.4236,Nurture,410.34
178,Female,36,Houston,Bronze,470.5,8,3.0,False,18,Neutral,58.81,0,1,0,Recent,Low,Low,0.1788,Low priority,179.24
179,Female,30,New York,Gold,1180.8,16,4.7,True,19,Satisfied,73.8,1,1,1,Mid,High,High,0.796,VIP — personalize heavily,1409.46
180,Male,34,Los Angeles,Silver,790.2,11,4.0,False,15,Neutral,71.84,1,1,0,Recent,Mid,Mid,0.4736,Nurture,551.89
181,Female,43,Chicago,Bronze,505.75,10,3.3,True,39,Unsatisfied,50.58,0,0,1,Dormant,Low,Low,0.3242,Low priority,264.92
182,Male,30,San Francisco,Gold,1470.5,20,4.8,False,13,Satisfied,73.53,1,1,0,Recent,High,High,0.8071,VIP — personalize heavily,2240.76
183,Male,27,Miami,Silver,710.4,13,4.1,True,54,Unsatisfied,54.65,0,0,1,Dormant,Mid,Mid,0.5064,Nurture,601.02
184,Female,37,Houston,Bronze,430.8,7,3.4,False,23,Neutral,61.54,0,1,0,Mid,Low,Low,0.1386,Low priority,162.75
185,Female,31,New York,Gold,1140.6,15,4.6,True,27,Satisfied,76.04,1,1,1,Mid,High,High,0.7129,VIP — personalize heavily,1249.23
186,Male,35,Los Angeles,Silver,810.9,12,4.3,False,13,Neutral,67.58,1,1,0,Recent,Mid,Mid,0.5632,Nurture,664.17
187,Female,41,Chicago,Bronze,485.25,9,3.6,True,39,Unsatisfied,53.92,0,0,1,Dormant,Low,Low,0.3069,Low priority,249.56
188,Male,28,San Francisco,Gold,1500.1,21,4.9,False,10,Satisfied,71.43,1,1,0,Recent,High,High,0.8741,VIP — personalize heavily,2450.16
189,Male,32,Miami,Silver,670.3,10,3.8,True,33,Unsatisfied,67.03,0,0,1,Dormant,Low,Mid,0.4131,Nurture,404.31
190,Female,36,Houston,Bronze,460.5,8,3.1,False,19,Neutral,57.56,0,1,0,Mid,Low,Low,0.1721,Low priority,181.28
191,Female,30,New York,Gold,1190.8,16,4.5,True,20,Satisfied,74.42,1,1,1,Mid,High,High,0.7765,VIP — personalize heavily,1360.91
192,Male,33,Los Angeles,Silver,830.75,13,4.2,False,14,Satisfied,63.9,1,1,0,Recent,Mid,Mid,0.5869,Nurture,719.98
193,Female,42,Chicago,Bronze,520.4,9,3.5,True,37,Unsatisfied,57.82,0,0,1,Dormant,Low,Low,0.339,Nurture,260.2
194,Male,29,San Francisco,Gold,1370.2,18,4.7,False,10,Satisfied,76.12,1,1,0,Recent,High,High,0.7773,VIP — personalize heavily,1839.98
195,Male,26,Miami,Silver,690.6,12,3.9,True,47,Unsatisfied,57.55,0,0,1,Dormant,Mid,Mid,0.4539,Nurture,513.02
196,Female,38,Houston,Bronze,440.9,8,3.2,False,24,Neutral,55.11,0,1,0,Mid,Low,Low,0.1444,Low priority,179.16
197,Female,32,New York,Gold,1160.3,14,4.4,True,22,Satisfied,82.88,1,1,1,Mid,Mid,High,0.707,VIP — personalize heavily,1134.52
198,Male,34,Los Angeles,Silver,800.2,11,4.1,False,17,Neutral,72.75,1,1,0,Recent,Mid,Mid,0.4891,Nurture,572.84
199,Female,43,Chicago,Bronze,500.75,10,3.3,True,40,Unsatisfied,50.08,0,0,1,Dormant,Low,Low,0.3116,Low priority,262.3
200,Male,30,San Francisco,Gold,1460.5,20,4.8,False,12,Satisfied,73.03,1,1,0,Recent,High,High,0.8073,VIP — personalize heavily,2225.52
201,Male,27,Miami,Silver,700.4,13,4.0,True,53,Unsatisfied,53.88,0,0,1,Dormant,Mid,Mid,0.4845,Nurture,578.11
202,Female,37,Houston,Bronze,420.8,7,3.1,False,21,Neutral,60.11,0,1,0,Mid,Low,Low,0.1094,Low priority,144.94
203,Female,31,New York,Gold,1130.6,15,4.5,True,26,Satisfied,75.37,1,1,1,Mid,High,High,0.6972,VIP — personalize heavily,1211.36
204,Male,35,Los Angeles,Silver,820.9,12,4.3,False,12,Neutral,68.41,1,1,0,Recent,Mid,Mid,0.5797,Nurture,672.36
205,Female,41,Chicago,Bronze,480.25,9,3.6,True,38,Unsatisfied,53.36,0,0,1,Dormant,Low,Low,0.3054,Low priority,246.99
206,Male,28,San Francisco,Gold,1490.1,21,4.9,False,9,Satisfied,70.96,1,1,0,Recent,High,High,0.8719,VIP — personalize heavily,2433.83
207,Male,32,Miami,Silver,680.3,10,3.8,True,32,Unsatisfied,68.03,0,0,1,Mid,Low,Mid,0.4236,Nurture,410.34
208,Female,36,Houston,Bronze,470.5,8,3.0,False,18,Neutral,58.81,0,1,0,Recent,Low,Low,0.1788,Low priority,179.24
209,Female,30,New York,Gold,1180.8,16,4.7,True,19,Satisfied,73.8,1,1,1,Mid,High,High,0.796,VIP — personalize heavily,1409.46
210,Male,34,Los Angeles,Silver,790.2,11,4.0,False,15,Neutral,71.84,1,1,0,Recent,Mid,Mid,0.4736,Nurture,551.89
211,Female,43,Chicago,Bronze,505.75,10,3.3,True,39,Unsatisfied,50.58,0,0,1,Dormant,Low,Low,0.3242,Low priority,264.92
212,Male,30,San Francisco,Gold,1470.5,20,4.8,False,13,Satisfied,73.53,1,1,0,Recent,High,High,0.8071,VIP — personalize heavily,2240.76
213,Male,27,Miami,Silver,710.4,13,4.1,True,54,Unsatisfied,54.65,0,0,1,Dormant,Mid,Mid,0.5064,Nurture,601.02
214,Female,37,Houston,Bronze,430.8,7,3.4,False,23,Neutral,61.54,0,1,0,Mid,Low,Low,0.1386,Low priority,162.75
215,Female,31,New York,Gold,1140.6,15,4.6,True,27,Satisfied,76.04,1,1,1,Mid,High,High,0.7129,VIP — personalize heavily,1249.23
216,Male,35,Los Angeles,Silver,810.9,12,4.3,False,13,Neutral,67.58,1,1,0,Recent,Mid,Mid,0.5632,Nurture,664.17
217,Female,41,Chicago,Bronze,485.25,9,3.6,True,39,Unsatisfied,53.92,0,0,1,Dormant,Low,Low,0.3069,Low priority,249.56
218,Male,28,San Francisco,Gold,1500.1,21,4.9,False,10,Satisfied,71.43,1,1,0,Recent,High,High,0.8741,VIP — personalize heavily,2450.16
219,Male,32,Miami,Silver,670.3,10,3.8,True,33,Unsatisfied,67.03,0,0,1,Dormant,Low,Mid,0.4131,Nurture,404.31
220,Female,36,Houston,Bronze,460.5,8,3.1,False,19,Neutral,57.56,0,1,0,Mid,Low,Low,0.1721,Low priority,181.28
221,Female,30,New York,Gold,1190.8,16,4.5,True,20,Satisfied,74.42,1,1,1,Mid,High,High,0.7765,VIP — personalize heavily,1360.91
222,Male,33,Los Angeles,Silver,830.75,13,4.2,False,14,Satisfied,63.9,1,1,0,Recent,Mid,Mid,0.5869,Nurture,719.98
223,Female,42,Chicago,Bronze,520.4,9,3.5,True,37,Unsatisfied,57.82,0,0,1,Dormant,Low,Low,0.339,Nurture,260.2
224,Male,29,San Francisco,Gold,1370.2,18,4.7,False,10,Satisfied,76.12,1,1,0,Recent,High,High,0.7773,VIP — personalize heavily,1839.98
225,Male,26,Miami,Silver,690.6,12,3.9,True,47,Unsatisfied,57.55,0,0,1,Dormant,Mid,Mid,0.4539,Nurture,513.02
226,Female,38,Houston,Bronze,440.9,8,3.2,False,24,Neutral,55.11,0,1,0,Mid,Low,Low,0.1444,Low priority,179.16
227,Female,32,New York,Gold,1160.3,14,4.4,True,22,Satisfied,82.88,1,1,1,Mid,Mid,High,0.707,VIP — personalize heavily,1134.52
228,Male,34,Los Angeles,Silver,800.2,11,4.1,False,17,Neutral,72.75,1,1,0,Recent,Mid,Mid,0.4891,Nurture,572.84
229,Female,43,Chicago,Bronze,500.75,10,3.3,True,40,Unsatisfied,50.08,0,0,1,Dormant,Low,Low,0.3116,Low priority,262.3
230,Male,30,San Francisco,Gold,1460.5,20,4.8,False,12,Satisfied,73.03,1,1,0,Recent,High,High,0.8073,VIP — personalize heavily,2225.52
231,Male,27,Miami,Silver,700.4,13,4.0,True,53,Unsatisfied,53.88,0,0,1,Dormant,Mid,Mid,0.4845,Nurture,578.11
232,Female,37,Houston,Bronze,420.8,7,3.1,False,21,Neutral,60.11,0,1,0,Mid,Low,Low,0.1094,Low priority,144.94
233,Female,31,New York,Gold,1130.6,15,4.5,True,26,Satisfied,75.37,1,1,1,Mid,High,High,0.6972,VIP — personalize heavily,1211.36
234,Male,35,Los Angeles,Silver,820.9,12,4.3,False,12,Neutral,68.41,1,1,0,Recent,Mid,Mid,0.5797,Nurture,672.36
235,Female,41,Chicago,Bronze,480.25,9,3.6,True,38,Unsatisfied,53.36,0,0,1,Dormant,Low,Low,0.3054,Low priority,246.99
236,Male,28,San Francisco,Gold,1490.1,21,4.9,False,9,Satisfied,70.96,1,1,0,Recent,High,High,0.8719,VIP — personalize heavily,2433.83
237,Male,32,Miami,Silver,680.3,10,3.8,True,32,Unsatisfied,68.03,0,0,1,Mid,Low,Mid,0.4236,Nurture,410.34
238,Female,36,Houston,Bronze,470.5,8,3.0,False,18,Neutral,58.81,0,1,0,Recent,Low,Low,0.1788,Low priority,179.24
239,Female,30,New York,Gold,1180.8,16,4.7,True,19,Satisfied,73.8,1,1,1,Mid,High,High,0.796,VIP — personalize heavily,1409.46
240,Male,34,Los Angeles,Silver,790.2,11,4.0,False,15,Neutral,71.84,1,1,0,Recent,Mid,Mid,0.4736,Nurture,551.89
241,Female,43,Chicago,Bronze,505.75,10,3.3,True,39,Unsatisfied,50.58,0,0,1,Dormant,Low,Low,0.3242,Low priority,264.92
242,Male,30,San Francisco,Gold,1470.5,20,4.8,False,13,Satisfied,73.53,1,1,0,Recent,High,High,0.8071,VIP — personalize heavily,2240.76
243,Male,27,Miami,Silver,710.4,13,4.1,True,54,Unsatisfied,54.65,0,0,1,Dormant,Mid,Mid,0.5064,Nurture,601.02
244,Female,37,Houston,Bronze,430.8,7,3.4,False,23,,61.54,0,1,0,Mid,Low,Low,0.1386,Low priority,162.75
245,Female,31,New York,Gold,1130.6,15,4.5,True,26,Satisfied,75.37,1,1,1,Mid,High,High,0.6972,VIP — personalize heavily,1211.36
246,Male,35,Los Angeles,Silver,820.9,12,4.3,False,12,Neutral,68.41,1,1,0,Recent,Mid,Mid,0.5797,Nurture,672.36
247,Female,41,Chicago,Bronze,480.25,9,3.6,True,38,Unsatisfied,53.36,0,0,1,Dormant,Low,Low,0.3054,Low priority,246.99
248,Male,28,San Francisco,Gold,1490.1,21,4.9,False,9,Satisfied,70.96,1,1,0,Recent,High,High,0.8719,VIP — personalize heavily,2433.83
249,Male,32,Miami,Silver,680.3,10,3.8,True,32,Unsatisfied,68.03,0,0,1,Mid,Low,Mid,0.4236,Nurture,410.34
250,Female,36,Houston,Bronze,470.5,8,3.0,False,18,Neutral,58.81,0,1,0,Recent,Low,Low,0.1788,Low priority,179.24
251,Female,30,New York,Gold,1180.8,16,4.7,True,19,Satisfied,73.8,1,1,1,Mid,High,High,0.796,VIP — personalize heavily,1409.46
252,Male,34,Los Angeles,Silver,790.2,11,4.0,False,15,Neutral,71.84,1,1,0,Recent,Mid,Mid,0.4736,Nurture,551.89
253,Female,43,Chicago,Bronze,505.75,10,3.3,True,39,Unsatisfied,50.58,0,0,1,Dormant,Low,Low,0.3242,Low priority,264.92
254,Male,30,San Francisco,Gold,1470.5,20,4.8,False,13,Satisfied,73.53,1,1,0,Recent,High,High,0.8071,VIP — personalize heavily,2240.76
255,Male,27,Miami,Silver,710.4,13,4.1,True,54,Unsatisfied,54.65,0,0,1,Dormant,Mid,Mid,0.5064,Nurture,601.02
256,Female,37,Houston,Bronze,430.8,7,3.4,False,23,Neutral,61.54,0,1,0,Mid,Low,Low,0.1386,Low priority,162.75
257,Female,31,New York,Gold,1140.6,15,4.6,True,27,Satisfied,76.04,1,1,1,Mid,High,High,0.7129,VIP — personalize heavily,1249.23
258,Male,35,Los Angeles,Silver,810.9,12,4.3,False,13,Neutral,67.58,1,1,0,Recent,Mid,Mid,0.5632,Nurture,664.17
259,Female,41,Chicago,Bronze,485.25,9,3.6,True,39,Unsatisfied,53.92,0,0,1,Dormant,Low,Low,0.3069,Low priority,249.56
260,Male,28,San Francisco,Gold,1500.1,21,4.9,False,10,Satisfied,71.43,1,1,0,Recent,High,High,0.8741,VIP — personalize heavily,2450.16
261,Male,32,Miami,Silver,670.3,10,3.8,True,33,Unsatisfied,67.03,0,0,1,Dormant,Low,Mid,0.4131,Nurture,404.31
262,Female,36,Houston,Bronze,460.5,8,3.1,False,19,Neutral,57.56,0,1,0,Mid,Low,Low,0.1721,Low priority,181.28
263,Female,30,New York,Gold,1190.8,16,4.5,True,20,Satisfied,74.42,1,1,1,Mid,High,High,0.7765,VIP — personalize heavily,1360.91
264,Male,33,Los Angeles,Silver,830.75,13,4.2,False,14,Satisfied,63.9,1,1,0,Recent,Mid,Mid,0.5869,Nurture,719.98
265,Female,42,Chicago,Bronze,520.4,9,3.5,True,37,Unsatisfied,57.82,0,0,1,Dormant,Low,Low,0.339,Nurture,260.2
266,Male,29,San Francisco,Gold,1370.2,18,4.7,False,10,Satisfied,76.12,1,1,0,Recent,High,High,0.7773,VIP — personalize heavily,1839.98
267,Male,26,Miami,Silver,690.6,12,3.9,True,47,Unsatisfied,57.55,0,0,1,Dormant,Mid,Mid,0.4539,Nurture,513.02
268,Female,38,Houston,Bronze,440.9,8,3.2,False,24,Neutral,55.11,0,1,0,Mid,Low,Low,0.1444,Low priority,179.16
269,Female,32,New York,Gold,1160.3,14,4.4,True,22,Satisfied,82.88,1,1,1,Mid,Mid,High,0.707,VIP — personalize heavily,1134.52
270,Male,34,Los Angeles,Silver,800.2,11,4.1,False,17,Neutral,72.75,1,1,0,Recent,Mid,Mid,0.4891,Nurture,572.84
271,Female,43,Chicago,Bronze,500.75,10,3.3,True,40,Unsatisfied,50.08,0,0,1,Dormant,Low,Low,0.3116,Low priority,262.3
272,Male,30,San Francisco,Gold,1460.5,20,4.8,False,12,Satisfied,73.03,1,1,0,Recent,High,High,0.8073,VIP — personalize heavily,2225.52
273,Male,27,Miami,Silver,700.4,13,4.0,True,53,Unsatisfied,53.88,0,0,1,Dormant,Mid,Mid,0.4845,Nurture,578.11
274,Female,37,Houston,Bronze,430.8,7,3.4,False,23,Neutral,61.54,0,1,0,Mid,Low,Low,0.1386,Low priority,162.75
275,Female,31,New York,Gold,1140.6,15,4.5,True,27,Satisfied,76.04,1,1,1,Mid,High,High,0.7009,VIP — personalize heavily,1222.07
276,Male,35,Los Angeles,Silver,820.9,12,4.3,False,12,Neutral,68.41,1,1,0,Recent,Mid,Mid,0.5797,Nurture,672.36
277,Female,41,Chicago,Bronze,480.25,9,3.6,True,38,Unsatisfied,53.36,0,0,1,Dormant,Low,Low,0.3054,Low priority,246.99
278,Male,28,San Francisco,Gold,1490.1,21,4.9,False,9,Satisfied,70.96,1,1,0,Recent,High,High,0.8719,VIP — personalize heavily,2433.83
279,Male,32,Miami,Silver,680.3,10,3.8,True,32,Unsatisfied,68.03,0,0,1,Mid,Low,Mid,0.4236,Nurture,410.34
280,Female,36,Houston,Bronze,470.5,8,3.0,False,18,Neutral,58.81,0,1,0,Recent,Low,Low,0.1788,Low priority,179.24
281,Female,30,New York,Gold,1180.8,16,4.7,True,19,Satisfied,73.8,1,1,1,Mid,High,High,0.796,VIP — personalize heavily,1409.46
282,Male,34,Los Angeles,Silver,790.2,11,4.0,False,15,Neutral,71.84,1,1,0,Recent,Mid,Mid,0.4736,Nurture,551.89
283,Female,43,Chicago,Bronze,505.75,10,3.3,True,39,Unsatisfied,50.58,0,0,1,Dormant,Low,Low,0.3242,Low priority,264.92
284,Male,30,San Francisco,Gold,1470.5,20,4.8,False,13,Satisfied,73.53,1,1,0,Recent,High,High,0.8071,VIP — personalize heavily,2240.76
285,Male,27,Miami,Silver,710.4,13,4.1,True,54,Unsatisfied,54.65,0,0,1,Dormant,Mid,Mid,0.5064,Nurture,601.02
286,Female,37,Houston,Bronze,430.8,7,3.4,False,23,Neutral,61.54,0,1,0,Mid,Low,Low,0.1386,Low priority,162.75
287,Female,31,New York,Gold,1130.6,15,4.5,True,26,Satisfied,75.37,1,1,1,Mid,High,High,0.6972,VIP — personalize heavily,1211.36
288,Male,35,Los Angeles,Silver,820.9,12,4.3,False,13,Neutral,68.41,1,1,0,Recent,Mid,Mid,0.5718,Nurture,672.36
289,Female,41,Chicago,Bronze,485.25,9,3.6,True,39,Unsatisfied,53.92,0,0,1,Dormant,Low,Low,0.3069,Low priority,249.56
290,Male,28,San Francisco,Gold,1500.1,21,4.9,False,10,Satisfied,71.43,1,1,0,Recent,High,High,0.8741,VIP — personalize heavily,2450.16
291,Male,32,Miami,Silver,670.3,10,3.8,True,33,Unsatisfied,67.03,0,0,1,Dormant,Low,Mid,0.4131,Nurture,404.31
292,Female,36,Houston,Bronze,460.5,8,3.1,False,19,Neutral,57.56,0,1,0,Mid,Low,Low,0.1721,Low priority,181.28
293,Female,30,New York,Gold,1190.8,16,4.5,True,20,Satisfied,74.42,1,1,1,Mid,High,High,0.7765,VIP — personalize heavily,1360.91
294,Male,33,Los Angeles,Silver,830.75,13,4.2,False,14,Satisfied,63.9,1,1,0,Recent,Mid,Mid,0.5869,Nurture,719.98
295,Female,42,Chicago,Bronze,520.4,9,3.5,True,37,Unsatisfied,57.82,0,0,1,Dormant,Low,Low,0.339,Nurture,260.2
296,Male,29,San Francisco,Gold,1370.2,18,4.7,False,10,Satisfied,76.12,1,1,0,Recent,High,High,0.7773,VIP — personalize heavily,1839.98
297,Male,26,Miami,Silver,690.6,12,3.9,True,47,Unsatisfied,57.55,0,0,1,Dormant,Mid,Mid,0.4539,Nurture,513.02
298,Female,38,Houston,Bronze,440.9,8,3.2,False,24,Neutral,55.11,0,1,0,Mid,Low,Low,0.1444,Low priority,179.16
299,Female,32,New York,Gold,1160.3,14,4.4,True,22,Satisfied,82.88,1,1,1,Mid,Mid,High,0.707,VIP — personalize heavily,1134.52
300,Male,34,Los Angeles,Silver,800.2,11,4.1,False,17,Neutral,72.75,1,1,0,Recent,Mid,Mid,0.4891,Nurture,572.84
301,Male,36,San Francisco,Gold,1420.8,19,4.6,False,11,Satisfied,74.78,1,1,0,Recent,High,High,0.7726,VIP — personalize heavily,1971.08
302,Female,29,Miami,Silver,730.4,14,4.0,True,50,Unsatisfied,52.17,0,0,1,Dormant,Mid,Mid,0.52,Nurture,649.24
303,Female,35,Houston,Bronze,450.6,7,3.3,False,21,Neutral,64.37,0,1,0,Mid,Low,Low,0.1511,Low priority,165.22
304,Male,31,New York,Gold,1210.6,17,4.8,True,18,Satisfied,71.21,1,1,1,Recent,High,High,0.8404,VIP — personalize heavily,1568.02
305,Male,27,Los Angeles,Silver,780.9,11,4.2,False,16,Neutral,70.99,1,1,0,Recent,Mid,Mid,0.4939,Nurture,572.66
306,Female,42,Chicago,Bronze,495.25,10,3.5,True,35,Unsatisfied,49.52,0,0,1,Dormant,Low,Low,0.345,Nurture,275.14
307,Male,29,San Francisco,Gold,1390.2,18,4.7,False,9,Satisfied,77.23,1,1,0,Recent,High,High,0.7863,VIP — personalize heavily,1866.84
308,Male,26,Miami,Silver,670.6,12,3.9,True,46,Unsatisfied,55.88,0,0,1,Dormant,Mid,Mid,0.4444,Nurture,498.16
309,Female,38,Houston,Bronze,460.9,8,3.2,False,25,Neutral,57.61,0,1,0,Mid,Low,Low,0.1554,Low priority,187.29
310,Female,32,New York,Gold,1170.3,14,4.5,True,21,Satisfied,83.59,1,1,1,Mid,Mid,High,0.7299,VIP — personalize heavily,1170.3
311,Male,34,Los Angeles,Silver,810.2,11,4.0,False,14,Neutral,73.65,1,1,0,Recent,Mid,Mid,0.4942,Nurture,565.85
312,Female,43,Chicago,Bronze,515.75,9,3.3,True,38,Unsatisfied,57.31,0,0,1,Dormant,Low,Low,0.3096,Low priority,243.14
313,Male,30,San Francisco,Gold,1450.5,20,4.8,False,12,Satisfied,72.53,1,1,0,Recent,High,High,0.8013,VIP — personalize heavily,2210.29
314,Male,27,Miami,Silver,690.4,13,4.1,True,52,Unsatisfied,53.11,0,0,1,Dormant,Mid,Mid,0.4916,Nurture,584.1
315,Female,37,Houston,Bronze,420.8,7,3.4,False,24,Neutral,60.11,0,1,0,Mid,Low,Low,0.1257,Low priority,158.97
316,Female,31,New York,Gold,1130.6,15,4.5,True,26,Satisfied,75.37,1,1,1,Mid,High,High,0.6972,VIP — personalize heavily,1211.36
317,Male,35,Los Angeles,Silver,820.9,12,4.3,False,13,Neutral,68.41,1,1,0,Recent,Mid,Mid,0.5718,Nurture,672.36
318,Female,41,Chicago,Bronze,480.25,9,3.6,True,39,Unsatisfied,53.36,0,0,1,Dormant,Low,Low,0.3,Low priority,246.99
319,Male,28,San Francisco,Gold,1490.1,21,4.9,False,9,Satisfied,70.96,1,1,0,Recent,High,High,0.8719,VIP — personalize heavily,2433.83
320,Male,32,Miami,Silver,680.3,10,3.8,True,32,Unsatisfied,68.03,0,0,1,Mid,Low,Mid,0.4236,Nurture,410.34
321,Female,36,Houston,Bronze,470.5,8,3.0,False,18,Neutral,58.81,0,1,0,Recent,Low,Low,0.1788,Low priority,179.24
322,Female,30,New York,Gold,1180.8,16,4.7,True,19,Satisfied,73.8,1,1,1,Mid,High,High,0.796,VIP — personalize heavily,1409.46
323,Male,34,Los Angeles,Silver,790.2,11,4.0,False,15,Neutral,71.84,1,1,0,Recent,Mid,Mid,0.4736,Nurture,551.89
324,Female,43,Chicago,Bronze,505.75,10,3.3,True,39,Unsatisfied,50.58,0,0,1,Dormant,Low,Low,0.3242,Low priority,264.92
325,Male,30,San Francisco,Gold,1470.5,20,4.8,False,13,Satisfied,73.53,1,1,0,Recent,High,High,0.8071,VIP — personalize heavily,2240.76
326,Male,27,Miami,Silver,710.4,13,4.1,True,54,Unsatisfied,54.65,0,0,1,Dormant,Mid,Mid,0.5064,Nurture,601.02
327,Female,37,Houston,Bronze,430.8,7,3.4,False,23,Neutral,61.54,0,1,0,Mid,Low,Low,0.1386,Low priority,162.75
328,Female,31,New York,Gold,1140.6,15,4.5,True,27,Satisfied,76.04,1,1,1,Mid,High,High,0.7009,VIP — personalize heavily,1222.07
329,Male,35,Los Angeles,Silver,820.9,12,4.3,False,13,Neutral,68.41,1,1,0,Recent,Mid,Mid,0.5718,Nurture,672.36
330,Female,41,Chicago,Bronze,485.25,9,3.6,True,39,Unsatisfied,53.92,0,0,1,Dormant,Low,Low,0.3069,Low priority,249.56
331,Male,28,San Francisco,Gold,1500.1,21,4.9,False,10,Satisfied,71.43,1,1,0,Recent,High,High,0.8741,VIP — personalize heavily,2450.16
332,Male,32,Miami,Silver,670.3,10,3.8,True,33,Unsatisfied,67.03,0,0,1,Dormant,Low,Mid,0.4131,Nurture,404.31
333,Female,36,Houston,Bronze,460.5,8,3.1,False,19,Neutral,57.56,0,1,0,Mid,Low,Low,0.1721,Low priority,181.28
334,Female,30,New York,Gold,1190.8,16,4.5,True,20,Satisfied,74.42,1,1,1,Mid,High,High,0.7765,VIP — personalize heavily,1360.91
335,Male,33,Los Angeles,Silver,830.75,13,4.2,False,14,Satisfied,63.9,1,1,0,Recent,Mid,Mid,0.5869,Nurture,719.98
336,Female,42,Chicago,Bronze,520.4,9,3.5,True,37,Unsatisfied,57.82,0,0,1,Dormant,Low,Low,0.339,Nurture,260.2
337,Male,29,San Francisco,Gold,1370.2,18,4.7,False,10,Satisfied,76.12,1,1,0,Recent,High,High,0.7773,VIP — personalize heavily,1839.98
338,Male,26,Miami,Silver,690.6,12,3.9,True,47,Unsatisfied,57.55,0,0,1,Dormant,Mid,Mid,0.4539,Nurture,513.02
339,Female,38,Houston,Bronze,440.9,8,3.2,False,24,Neutral,55.11,0,1,0,Mid,Low,Low,0.1444,Low priority,179.16
340,Female,32,New York,Gold,1160.3,14,4.4,True,22,Satisfied,82.88,1,1,1,Mid,Mid,High,0.707,VIP — personalize heavily,1134.52
341,Male,34,Los Angeles,Silver,800.2,11,4.1,False,17,Neutral,72.75,1,1,0,Recent,Mid,Mid,0.4891,Nurture,572.84
342,Female,43,Chicago,Bronze,525.75,9,3.3,True,40,Unsatisfied,58.42,0,0,1,Dormant,Low,Low,0.3075,Low priority,247.85
343,Male,30,San Francisco,Gold,1460.5,20,4.8,False,11,Satisfied,73.03,1,1,0,Recent,High,High,0.8122,VIP — personalize heavily,2225.52
344,Male,27,Miami,Silver,720.4,13,4.0,True,55,Unsatisfied,55.42,0,0,1,Dormant,Mid,Mid,0.4967,Nurture,594.62
345,Female,37,Houston,Bronze,440.8,7,3.2,False,25,Neutral,62.97,0,1,0,Mid,Low,Low,0.1162,Low priority,156.73
346,Female,31,New York,Gold,1150.6,15,4.5,True,28,Satisfied,76.71,1,1,1,Mid,High,High,0.703,VIP — personalize heavily,1232.79
347,Male,35,Los Angeles,Silver,830.9,12,4.3,False,14,Neutral,69.24,1,1,0,Recent,Mid,Mid,0.5763,Nurture,680.55
348,Female,41,Chicago,Bronze,490.25,9,3.6,True,40,Unsatisfied,54.47,0,0,1,Dormant,Low,Low,0.3049,Low priority,252.13
349,Male,28,San Francisco,Gold,1480.1,21,4.9,False,10,Satisfied,70.48,1,1,0,Recent,High,High,0.8586,VIP — personalize heavily,2417.5
350,Male,32,Miami,Silver,690.3,10,3.8,True,34,Unsatisfied,69.03,0,0,1,Dormant,Low,Mid,0.4214,Nurture,416.37
351,Female,36,Houston,Bronze,480.5,8,3.1,False,20,Neutral,60.06,0,1,0,Mid,Low,Low,0.1903,Low priority,189.15
352,Female,30,New York,Gold,1170.8,16,4.7,True,21,Satisfied,73.18,1,1,1,Mid,High,High,0.7823,VIP — personalize heavily,1397.53
353,Male,34,Los Angeles,Silver,790.2,11,4.0,False,15,Neutral,71.84,1,1,0,Recent,Mid,Mid,0.4736,Nurture,551.89
354,Female,43,Chicago,Bronze,510.75,10,3.3,True,41,Unsatisfied,51.08,0,0,1,Dormant,Low,Low,0.3221,Low priority,267.54
355,Male,30,San Francisco,Gold,1440.5,19,4.6,False,12,Satisfied,75.82,1,1,0,Recent,High,High,0.7685,VIP — personalize heavily,1998.41
356,Male,27,Miami,Silver,700.4,13,4.1,True,56,Unsatisfied,53.88,0,0,1,Dormant,Mid,Mid,0.4938,Nurture,592.56
357,Female,37,Houston,Bronze,410.8,7,3.4,False,26,Neutral,58.69,0,1,0,Mid,Low,Low,0.1163,Low priority,155.19
358,Female,31,New York,Gold,1160.6,15,4.5,True,29,Satisfied,77.37,1,1,1,Mid,High,High,0.7096,VIP — personalize heavily,1243.5
359,Male,35,Los Angeles,Silver,810.9,12,4.3,False,14,Neutral,67.58,1,1,0,Recent,Mid,Mid,0.5561,Nurture,664.17
360,Female,41,Chicago,Bronze,495.25,9,3.6,True,41,Unsatisfied,55.03,0,0,1,Dormant,Low,Low,0.3051,Low priority,254.7
361,Male,28,San Francisco,Gold,1490.1,21,4.9,False,10,Satisfied,70.96,1,1,0,Recent,High,High,0.8664,VIP — personalize heavily,2433.83
362,Male,32,Miami,Silver,660.3,10,3.8,True,35,Unsatisfied,66.03,0,0,1,Dormant,Low,Low,0.403,Nurture,398.28
363,Female,36,Houston,Bronze,430.5,8,3.1,False,21,Neutral,53.81,0,1,0,Mid,Low,Low,0.1326,Low priority,169.47
364,Female,30,New York,Gold,1200.8,16,4.7,True,22,Satisfied,75.05,1,1,1,Mid,High,High,0.7958,VIP — personalize heavily,1433.34
365,Male,34,Los Angeles,Silver,780.2,11,4.1,False,16,Neutral,70.93,1,1,0,Recent,Mid,Mid,0.4769,Nurture,558.52
366,Female,43,Chicago,Bronze,505.75,10,3.3,True,42,Unsatisfied,50.58,0,0,1,Dormant,Low,Low,0.3144,Low priority,264.92
367,Male,30,San Francisco,Gold,1460.5,20,4.8,False,13,Satisfied,73.03,1,1,0,Recent,High,High,0.7994,VIP — personalize heavily,2225.52
368,Male,27,Miami,Silver,710.4,13,4.1,True,57,Unsatisfied,54.65,0,0,1,Dormant,Mid,Mid,0.5032,Nurture,601.02
369,Female,37,Houston,Bronze,450.8,7,3.4,False,24,Neutral,64.4,0,1,0,Mid,Low,Low,0.1519,Low priority,170.3
370,Female,31,New York,Gold,1140.6,15,4.5,True,30,Satisfied,76.04,1,0,1,Mid,High,High,0.6944,VIP — personalize heavily,1222.07
371,Male,35,Los Angeles,Silver,800.9,12,4.1,False,17,Neutral,66.74,1,1,0,Recent,Mid,Mid,0.5165,Nurture,625.46
372,Female,41,Chicago,Bronze,475.25,9,3.6,True,42,Unsatisfied,52.81,0,0,1,Dormant,Low,Low,0.2854,Low priority,244.41
373,Male,28,San Francisco,Gold,1480.1,21,4.9,False,11,Satisfied,70.48,1,1,0,Recent,High,High,0.8537,VIP — personalize heavily,2417.5
374,Male,32,Miami,Silver,660.3,10,3.8,True,36,Unsatisfied,66.03,0,0,1,Dormant,Low,Low,0.4019,Nurture,398.28
375,Female,36,Houston,Bronze,470.5,8,3.0,False,22,Neutral,58.81,0,1,0,Mid,Low,Low,0.158,Low priority,179.24
376,Female,30,New York,Gold,1190.8,16,4.5,True,23,Satisfied,74.42,1,1,1,Mid,High,High,0.7628,VIP — personalize heavily,1360.91
377,Male,33,Los Angeles,Silver,770.2,11,4.2,False,18,Neutral,70.02,0,1,0,Recent,Mid,Mid,0.4791,Nurture,564.81
378,Female,43,Chicago,Bronze,515.75,10,3.3,True,43,Unsatisfied,51.58,0,0,1,Dormant,Low,Low,0.3221,Low priority,270.15
379,Male,30,San Francisco,Gold,1450.5,19,4.6,False,12,Satisfied,76.34,1,1,0,Recent,High,High,0.7706,VIP — personalize heavily,2012.28
380,Male,27,Miami,Silver,710.4,13,4.1,True,58,Unsatisfied,54.65,0,0,1,Dormant,Mid,Mid,0.5028,Nurture,601.02
381,Female,37,Houston,Bronze,430.8,7,3.4,False,27,Neutral,61.54,0,1,0,Mid,Low,Low,0.1229,Low priority,162.75
382,Female,31,New York,Gold,1160.6,15,4.5,True,31,Satisfied,77.37,1,0,1,Mid,High,High,0.7077,VIP — personalize heavily,1243.5
383,Male,35,Los Angeles,Silver,820.9,12,4.3,False,15,Neutral,68.41,1,1,0,Recent,Mid,Mid,0.5596,Nurture,672.36
384,Female,41,Chicago,Bronze,495.25,9,3.6,True,43,Unsatisfied,55.03,0,0,1,Dormant,Low,Low,0.3021,Low priority,254.7
385,Male,28,San Francisco,Gold,1490.1,21,4.9,False,10,Satisfied,70.96,1,1,0,Recent,High,High,0.8664,VIP — personalize heavily,2433.83
386,Male,32,Miami,Silver,660.3,10,3.8,True,37,Unsatisfied,66.03,0,0,1,Dormant,Low,Low,0.3998,Nurture,398.28
387,Female,36,Houston,Bronze,440.5,8,3.1,False,23,Neutral,55.06,0,1,0,Mid,Low,Low,0.1354,Low priority,173.4
388,Female,30,New York,Gold,1200.8,16,4.7,True,24,Satisfied,75.05,1,1,1,Mid,High,High,0.7864,VIP — personalize heavily,1433.34
389,Male,34,Los Angeles,Silver,780.2,11,4.1,False,16,Neutral,70.93,1,1,0,Recent,Mid,Mid,0.4769,Nurture,558.52
390,Female,43,Chicago,Bronze,505.75,10,3.3,True,44,Unsatisfied,50.58,0,0,1,Dormant,Low,Low,0.3122,Low priority,264.92
391,Male,30,San Francisco,Gold,1460.5,20,4.8,False,13,Satisfied,73.03,1,1,0,Recent,High,High,0.7994,VIP — personalize heavily,2225.52
392,Male,27,Miami,Silver,710.4,13,4.1,True,59,Unsatisfied,54.65,0,0,1,Dormant,Mid,Mid,0.5024,Nurture,601.02
393,Female,37,Houston,Bronze,450.8,7,3.4,False,28,Neutral,64.4,0,1,0,Mid,Low,Low,0.1375,Low priority,170.3
394,Female,31,New York,Gold,1140.6,15,4.5,True,32,Satisfied,76.04,1,0,1,Mid,High,High,0.6912,VIP — personalize heavily,1222.07
395,Male,35,Los Angeles,Silver,800.9,12,4.1,False,17,Neutral,66.74,1,1,0,Recent,Mid,Mid,0.5165,Nurture,625.46
396,Female,41,Chicago,Bronze,475.25,9,3.6,True,44,Unsatisfied,52.81,0,0,1,Dormant,Low,Low,0.2833,Low priority,244.41
397,Male,28,San Francisco,Gold,1480.1,21,4.9,False,12,Satisfied,70.48,1,1,0,Recent,High,High,0.8488,VIP — personalize heavily,2417.5
398,Male,32,Miami,Silver,660.3,10,3.8,True,38,Unsatisfied,66.03,0,0,1,Dormant,Low,Low,0.3961,Nurture,398.28
399,Female,36,Houston,Bronze,470.5,8,3.0,False,22,Neutral,58.81,0,1,0,Mid,Low,Low,0.158,Low priority,179.24
400,Female,30,New York,Gold,1190.8,16,4.5,True,25,Satisfied,74.42,1,1,1,Mid,High,High,0.7544,VIP — personalize heavily,1360.91
401,Male,33,Los Angeles,Silver,800.2,11,4.1,False,18,Neutral,72.75,1,1,0,Recent,Mid,Mid,0.4844,Nurture,572.84
402,Female,43,Chicago,Bronze,515.75,10,3.3,True,45,Unsatisfied,51.58,0,0,1,Dormant,Low,Low,0.3204,Low priority,270.15
403,Male,30,San Francisco,Gold,1450.5,19,4.6,False,13,Satisfied,76.34,1,1,0,Recent,High,High,0.7627,VIP — personalize heavily,2012.28
404,Male,27,Miami,Silver,710.4,13,4.1,True,60,Unsatisfied,54.65,0,0,1,Dormant,Mid,Mid,0.5019,Nurture,601.02
405,Female,37,Houston,Bronze,430.8,7,3.4,False,29,Neutral,61.54,0,1,0,Mid,Low,Low,0.1176,Low priority,162.75
406,Female,31,New York,Gold,1160.6,15,4.5,True,33,Satisfied,77.37,1,0,1,Dormant,High,High,0.7017,VIP — personalize heavily,1243.5
407,Male,35,Los Angeles,Silver,820.9,12,4.3,False,16,Neutral,68.41,1,1,0,Recent,Mid,Mid,0.5561,Nurture,672.36
408,Female,41,Chicago,Bronze,495.25,9,3.6,True,45,Unsatisfied,55.03,0,0,1,Dormant,Low,Low,0.3004,Low priority,254.7
409,Male,28,San Francisco,Gold,1490.1,21,4.9,False,11,Satisfied,70.96,1,1,0,Recent,High,High,0.8614,VIP — personalize heavily,2433.83
410,Male,32,Miami,Silver,660.3,10,3.8,True,39,Unsatisfied,66.03,0,0,1,Dormant,Low,Low,0.3908,Nurture,398.28
411,Female,36,Houston,Bronze,440.5,8,3.1,False,24,Neutral,55.06,0,1,0,Mid,Low,Low,0.1307,Low priority,173.4
412,Female,30,New York,Gold,1200.8,16,4.7,True,25,Satisfied,75.05,1,1,1,Mid,High,High,0.7827,VIP — personalize heavily,1433.34
413,Male,34,Los Angeles,Silver,780.2,11,4.1,False,17,Neutral,70.93,1,1,0,Recent,Mid,Mid,0.4737,Nurture,558.52
414,Female,43,Chicago,Bronze,505.75,10,3.3,True,46,Unsatisfied,50.58,0,0,1,Dormant,Low,Low,0.3103,Low priority,264.92
415,Male,30,San Francisco,Gold,1460.5,20,4.8,False,14,Satisfied,73.03,1,1,0,Recent,High,High,0.7923,VIP — personalize heavily,2225.52
416,Male,27,Miami,Silver,710.4,13,4.1,True,61,Unsatisfied,54.65,0,0,1,Dormant,Mid,Mid,0.5015,Nurture,601.02
417,Female,37,Houston,Bronze,450.8,7,3.4,False,30,Neutral,64.4,0,0,0,Mid,Low,Low,0.1345,Low priority,170.3
418,Female,31,New York,Gold,1140.6,15,4.5,True,34,Satisfied,76.04,1,0,1,Dormant,High,High,0.6852,VIP — personalize heavily,1222.07
419,Male,35,Los Angeles,Silver,800.9,12,4.1,False,19,Neutral,66.74,1,1,0,Mid,Mid,Mid,0.5058,Nurture,625.46
420,Female,41,Chicago,Bronze,475.25,9,3.6,True,46,Unsatisfied,52.81,0,0,1,Dormant,Low,Low,0.2814,Low priority,244.41
421,Male,28,San Francisco,Gold,1480.1,21,4.9,False,12,Satisfied,70.48,1,1,0,Recent,High,High,0.8488,VIP — personalize heavily,2417.5
422,Male,32,Miami,Silver,660.3,10,3.8,True,40,Unsatisfied,66.03,0,0,1,Dormant,Low,Low,0.3854,Nurture,398.28
423,Female,36,Houston,Bronze,470.5,8,3.0,False,26,Neutral,58.81,0,1,0,Mid,Low,Low,0.1417,Low priority,179.24
424,Female,30,New York,Gold,1190.8,16,4.5,True,27,Satisfied,74.42,1,1,1,Mid,High,High,0.7471,VIP — personalize heavily,1360.91
425,Male,34,Los Angeles,Silver,780.2,11,4.2,False,18,Neutral,70.93,1,1,0,Recent,Mid,Mid,0.4821,Nurture,572.15
426,Female,43,Chicago,Bronze,515.75,10,3.3,True,47,Unsatisfied,51.58,0,0,1,Dormant,Low,Low,0.3167,Low priority,270.15
427,Male,30,San Francisco,Gold,1450.5,19,4.6,False,14,Satisfied,76.34,1,1,0,Recent,High,High,0.7556,VIP — personalize heavily,2012.28
428,Male,27,Miami,Silver,710.4,13,4.1,True,62,Unsatisfied,54.65,0,0,1,Dormant,Mid,Mid,0.5011,Nurture,601.02
429,Female,37,Houston,Bronze,430.8,7,3.4,False,31,Neutral,61.54,0,0,0,Mid,Low,Low,0.1156,Low priority,162.75
430,Female,31,New York,Gold,1160.6,15,4.5,True,35,Satisfied,77.37,1,0,1,Dormant,High,High,0.6981,VIP — personalize heavily,1243.5
431,Male,35,Los Angeles,Silver,820.9,12,4.3,False,20,Neutral,68.41,1,1,0,Mid,Mid,Mid,0.5364,Nurture,672.36
432,Female,41,Chicago,Bronze,495.25,9,3.6,True,47,Unsatisfied,55.03,0,0,1,Dormant,Low,Low,0.2968,Low priority,254.7
433,Male,28,San Francisco,Gold,1490.1,21,4.9,False,11,Satisfied,70.96,1,1,0,Recent,High,High,0.8614,VIP — personalize heavily,2433.83
434,Male,32,Miami,Silver,660.3,10,3.8,True,41,Unsatisfied,66.03,0,0,1,Dormant,Low,Low,0.3826,Nurture,398.28
435,Female,36,Houston,Bronze,440.5,8,3.1,False,28,Neutral,55.06,0,1,0,Mid,Low,Low,0.1164,Low priority,173.4
436,Female,30,New York,Gold,1200.8,16,4.7,True,28,Satisfied,75.05,1,1,1,Mid,High,High,0.772,VIP — personalize heavily,1433.34
437,Male,34,Los Angeles,Silver,780.2,11,4.1,False,19,Neutral,70.93,1,1,0,Mid,Mid,Mid,0.463,Nurture,558.52
438,Female,43,Chicago,Bronze,505.75,10,3.3,True,48,Unsatisfied,50.58,0,0,1,Dormant,Low,Low,0.3051,Low priority,264.92
439,Male,30,San Francisco,Gold,1460.5,20,4.8,False,15,Satisfied,73.03,1,1,0,Recent,High,High,0.7871,VIP — personalize heavily,2225.52
440,Male,27,Miami,Silver,710.4,13,4.1,True,63,Unsatisfied,54.65,0,0,1,Dormant,Mid,Mid,0.5006,Nurture,601.02
441,Female,37,Houston,Bronze,450.8,7,3.4,False,32,Neutral,64.4,0,0,0,Mid,Low,Low,0.1313,Low priority,170.3
442,Female,31,New York,Gold,1140.6,15,4.5,True,36,Satisfied,76.04,1,0,1,Dormant,High,High,0.6829,VIP — personalize heavily,1222.07
443,Male,35,Los Angeles,Silver,800.9,12,4.1,False,20,Neutral,66.74,1,1,0,Mid,Mid,Mid,0.5,Nurture,625.46
444,Female,41,Chicago,Bronze,475.25,9,3.6,True,48,Unsatisfied,52.81,0,0,1,Dormant,Low,Low,0.2762,Low priority,244.41
445,Male,28,San Francisco,Gold,1480.1,21,4.9,False,13,Satisfied,70.48,1,1,0,Recent,High,High,0.8409,VIP — personalize heavily,2417.5
446,Male,32,Miami,Silver,660.3,10,3.8,True,42,Unsatisfied,66.03,0,0,1,Dormant,Low,Low,0.3809,Nurture,398.28
447,Female,36,Houston,Bronze,470.5,8,3.0,False,27,Neutral,58.81,0,1,0,Mid,Low,Low,0.1376,Low priority,179.24
448,Female,30,New York,Gold,1190.8,16,4.5,True,28,Satisfied,74.42,1,1,1,Mid,High,High,0.7437,VIP — personalize heavily,1360.91
449,Male,34,Los Angeles,Silver,780.2,11,4.2,False,21,Neutral,70.93,1,1,0,Mid,Mid,Mid,0.4659,Nurture,572.15
450,Female,43,Chicago,Bronze,515.75,10,3.3,True,49,Unsatisfied,51.58,0,0,1,Dormant,Low,Low,0.3133,Low priority,270.15
